set	category	size	url	local_path	rationale
amiramesh-smoke	amiramesh	10284	https://downloads.openmicroscopy.org/images/AmiraMesh/imagesc-50585/BF_Check.tif	external-fixtures/data/amiramesh/downloads.openmicroscopy.org/imagesc-50585/BF_Check.tif	Smallest public files for fast external smoke coverage.
amiramesh-smoke	amiramesh	11187	https://downloads.openmicroscopy.org/images/AmiraMesh/imagesc-50585/BF_CheckMIB.am	external-fixtures/data/amiramesh/downloads.openmicroscopy.org/imagesc-50585/BF_CheckMIB.am	Smallest public files for fast external smoke coverage.
amiramesh-smoke	amiramesh	14579	https://downloads.openmicroscopy.org/images/AmiraMesh/imagesc-50585/BF_CheckAmira.am	external-fixtures/data/amiramesh/downloads.openmicroscopy.org/imagesc-50585/BF_CheckAmira.am	Smallest public files for fast external smoke coverage.
amiramesh-feature	amiramesh	238265539	https://downloads.openmicroscopy.org/images/AmiraMesh/zenodo-18337391/Electron_tomogram.am	external-fixtures/data/amiramesh/downloads.openmicroscopy.org/zenodo-18337391/Electron_tomogram.am	Moderate-size public files for broader format feature coverage.
bdv-smoke	bdv	2334	https://downloads.openmicroscopy.org/images/BDV/idr0048/WB.xml	external-fixtures/data/bdv/downloads.openmicroscopy.org/idr0048/WB.xml	Smallest public files for fast external smoke coverage.
bdv-smoke	bdv	2340	https://downloads.openmicroscopy.org/images/BDV/idr0048/astroP65.xml	external-fixtures/data/bdv/downloads.openmicroscopy.org/idr0048/astroP65.xml	Smallest public files for fast external smoke coverage.
bdv-smoke	bdv	2554	https://downloads.openmicroscopy.org/images/BDV/idr0038/Lam-Cytok-MV-f0.xml	external-fixtures/data/bdv/downloads.openmicroscopy.org/idr0038/Lam-Cytok-MV-f0.xml	Smallest public files for fast external smoke coverage.
bdv-feature	bdv	356633292	https://downloads.openmicroscopy.org/images/BDV/samples/HisYFP-SPIM.h5	external-fixtures/data/bdv/downloads.openmicroscopy.org/samples/HisYFP-SPIM.h5	Moderate-size public files for broader format feature coverage.
bdv-feature	bdv	620411552	https://downloads.openmicroscopy.org/images/BDV/samples/drosophila.h5	external-fixtures/data/bdv/downloads.openmicroscopy.org/samples/drosophila.h5	Moderate-size public files for broader format feature coverage.
bdv-regression-large	bdv	13279437715	https://downloads.openmicroscopy.org/images/BDV/idr0038/Lam-Cytok-MV-f0.h5	external-fixtures/data/bdv/downloads.openmicroscopy.org/idr0038/Lam-Cytok-MV-f0.h5	Large public regression/stress files; not for routine CI.
bdv-regression-large	bdv	51049420472	https://downloads.openmicroscopy.org/images/BDV/idr0048/WB.h5	external-fixtures/data/bdv/downloads.openmicroscopy.org/idr0048/WB.h5	Large public regression/stress files; not for routine CI.
bdv-regression-large	bdv	77879032035	https://downloads.openmicroscopy.org/images/BDV/idr0048/astroP65.h5	external-fixtures/data/bdv/downloads.openmicroscopy.org/idr0048/astroP65.h5	Large public regression/stress files; not for routine CI.
cellh5-smoke	cellh5	11805	https://downloads.openmicroscopy.org/images/CellH5/samples/full/_all_positions.ch5	external-fixtures/data/cellh5/downloads.openmicroscopy.org/samples/full/_all_positions.ch5	Smallest public files for fast external smoke coverage.
cellh5-smoke	cellh5	67519830	https://downloads.openmicroscopy.org/images/CellH5/idr0013/00001_01.ch5	external-fixtures/data/cellh5/downloads.openmicroscopy.org/idr0013/00001_01.ch5	Smallest public files for fast external smoke coverage.
cellh5-feature	cellh5	67519830	https://downloads.openmicroscopy.org/images/CellH5/idr0013/00001_01.ch5	external-fixtures/data/cellh5/downloads.openmicroscopy.org/idr0013/00001_01.ch5	Moderate-size public files for broader format feature coverage.
cellh5-feature	cellh5	276432226	https://downloads.openmicroscopy.org/images/CellH5/samples/full/0041.ch5	external-fixtures/data/cellh5/downloads.openmicroscopy.org/samples/full/0041.ch5	Moderate-size public files for broader format feature coverage.
cellh5-feature	cellh5	341756246	https://downloads.openmicroscopy.org/images/CellH5/samples/full/0013.ch5	external-fixtures/data/cellh5/downloads.openmicroscopy.org/samples/full/0013.ch5	Moderate-size public files for broader format feature coverage.
cellh5-feature	cellh5	381252440	https://downloads.openmicroscopy.org/images/CellH5/samples/full/0045.ch5	external-fixtures/data/cellh5/downloads.openmicroscopy.org/samples/full/0045.ch5	Moderate-size public files for broader format feature coverage.
cellh5-feature	cellh5	386945770	https://downloads.openmicroscopy.org/images/CellH5/samples/full/0042.ch5	external-fixtures/data/cellh5/downloads.openmicroscopy.org/samples/full/0042.ch5	Moderate-size public files for broader format feature coverage.
cellomics-smoke	cellomics	524340	https://downloads.openmicroscopy.org/images/Cellomics/BBBC001/AS_09125_050118150001_A03f00d0.DIB	external-fixtures/data/cellomics/downloads.openmicroscopy.org/BBBC001/AS_09125_050118150001_A03f00d0.DIB	Smallest public files for fast external smoke coverage.
cellomics-smoke	cellomics	524340	https://downloads.openmicroscopy.org/images/Cellomics/BBBC001/AS_09125_050118150001_A03f01d0.DIB	external-fixtures/data/cellomics/downloads.openmicroscopy.org/BBBC001/AS_09125_050118150001_A03f01d0.DIB	Smallest public files for fast external smoke coverage.
cellomics-smoke	cellomics	524340	https://downloads.openmicroscopy.org/images/Cellomics/BBBC001/AS_09125_050118150001_A03f02d0.DIB	external-fixtures/data/cellomics/downloads.openmicroscopy.org/BBBC001/AS_09125_050118150001_A03f02d0.DIB	Smallest public files for fast external smoke coverage.
cellsens-smoke	cellsens	11250	https://downloads.openmicroscopy.org/images/CellSens/evident/_Image_V4.1_BF_/stack10000/blob_21_f.meta	external-fixtures/data/cellsens/downloads.openmicroscopy.org/evident/_Image_V4.1_BF_/stack10000/blob_21_f.meta	Smallest public files for fast external smoke coverage.
cellsens-smoke	cellsens	11250	https://downloads.openmicroscopy.org/images/CellSens/evident/_Image_V4.1_FL_2D_/stack10000/blob_21_f.meta	external-fixtures/data/cellsens/downloads.openmicroscopy.org/evident/_Image_V4.1_FL_2D_/stack10000/blob_21_f.meta	Smallest public files for fast external smoke coverage.
cellsens-smoke	cellsens	11250	https://downloads.openmicroscopy.org/images/CellSens/evident/_Image_V4.1_FL_3D_/stack10000/blob_21_f.meta	external-fixtures/data/cellsens/downloads.openmicroscopy.org/evident/_Image_V4.1_FL_3D_/stack10000/blob_21_f.meta	Smallest public files for fast external smoke coverage.
cellsens-feature	cellsens	86776904	https://downloads.openmicroscopy.org/images/CellSens/evident/_Image_V4.1_FL_2D_/stack10005/frame_t_0.ets	external-fixtures/data/cellsens/downloads.openmicroscopy.org/evident/_Image_V4.1_FL_2D_/stack10005/frame_t_0.ets	Moderate-size public files for broader format feature coverage.
cellsens-feature	cellsens	87799619	https://downloads.openmicroscopy.org/images/CellSens/evident/_Image_V4.1_FL_2D_/stack10002/frame_t_0.ets	external-fixtures/data/cellsens/downloads.openmicroscopy.org/evident/_Image_V4.1_FL_2D_/stack10002/frame_t_0.ets	Moderate-size public files for broader format feature coverage.
cellsens-feature	cellsens	93759202	https://downloads.openmicroscopy.org/images/CellSens/evident/_Image_V4.1_BF_/stack10002/frame_t.ets	external-fixtures/data/cellsens/downloads.openmicroscopy.org/evident/_Image_V4.1_BF_/stack10002/frame_t.ets	Moderate-size public files for broader format feature coverage.
cellsens-feature	cellsens	105417269	https://downloads.openmicroscopy.org/images/CellSens/evident/_Image_V4.1_BF_/stack10005/frame_t.ets	external-fixtures/data/cellsens/downloads.openmicroscopy.org/evident/_Image_V4.1_BF_/stack10005/frame_t.ets	Moderate-size public files for broader format feature coverage.
cellsens-feature	cellsens	355503856	https://downloads.openmicroscopy.org/images/CellSens/evident/_Image_V4.1_FL_3D_/stack10002/frame_t_0.ets	external-fixtures/data/cellsens/downloads.openmicroscopy.org/evident/_Image_V4.1_FL_3D_/stack10002/frame_t_0.ets	Moderate-size public files for broader format feature coverage.
cv7000-smoke	cv7000	346	https://downloads.openmicroscopy.org/images/CV7000/cpg0016/Dest21053D1-15214/Dest210531-152149.wpi	external-fixtures/data/cv7000/downloads.openmicroscopy.org/cpg0016/Dest21053D1-15214/Dest210531-152149.wpi	Smallest public files for fast external smoke coverage.
cv7000-smoke	cv7000	741	https://downloads.openmicroscopy.org/images/CV7000/cpg0016/Dest21053D1-15214/1038480001_PerkinElmer_CellCarrier-384-Ultra.wpp	external-fixtures/data/cv7000/downloads.openmicroscopy.org/cpg0016/Dest21053D1-15214/1038480001_PerkinElmer_CellCarrier-384-Ultra.wpp	Smallest public files for fast external smoke coverage.
cv7000-smoke	cv7000	2001522	https://downloads.openmicroscopy.org/images/CV7000/cpg0016/Dest21053D1-15214/DC_DCAM%231_CAM3_BIN2.tif	external-fixtures/data/cv7000/downloads.openmicroscopy.org/cpg0016/Dest21053D1-15214/DC_DCAM%231_CAM3_BIN2.tif	Smallest public files for fast external smoke coverage.
cv7000-structured-smoke	cv7000	346	https://downloads.openmicroscopy.org/images/CV7000/cpg0016/Dest21053D1-15214/Dest210531-152149.wpi	external-fixtures/data/cv7000/downloads.openmicroscopy.org/cpg0016/Dest21053D1-15214/Dest210531-152149.wpi	Targeted structured smoke set; keeps the acquisition index with a matching acquisition-prefix TIFF.
cv7000-structured-smoke	cv7000	741	https://downloads.openmicroscopy.org/images/CV7000/cpg0016/Dest21053D1-15214/1038480001_PerkinElmer_CellCarrier-384-Ultra.wpp	external-fixtures/data/cv7000/downloads.openmicroscopy.org/cpg0016/Dest21053D1-15214/1038480001_PerkinElmer_CellCarrier-384-Ultra.wpp	Targeted structured smoke set; plate context for the CV7000 acquisition.
cv7000-structured-smoke	cv7000	2002944	https://downloads.openmicroscopy.org/images/CV7000/cpg0016/Dest21053D1-15214/Dest210531-152149_A01_T0001F001L01A01Z01C01.tif	external-fixtures/data/cv7000/downloads.openmicroscopy.org/cpg0016/Dest21053D1-15214/Dest210531-152149_A01_T0001F001L01A01Z01C01.tif	Targeted structured smoke set; matching acquisition-prefix TIFF payload.
czi-smoke	czi	43558848	https://downloads.openmicroscopy.org/images/Zeiss-CZI/idr0011/Plate1-Blue-A_TS-Stinger/Plate1-Blue-A-03-Scene-1-P1-D1-01.czi	external-fixtures/data/czi/downloads.openmicroscopy.org/idr0011/Plate1-Blue-A_TS-Stinger/Plate1-Blue-A-03-Scene-1-P1-D1-01.czi	Smallest public files for fast external smoke coverage.
czi-smoke	czi	43558848	https://downloads.openmicroscopy.org/images/Zeiss-CZI/idr0011/Plate1-Blue-A_TS-Stinger/Plate1-Blue-A-03-Scene-2-P3-D1-02.czi	external-fixtures/data/czi/downloads.openmicroscopy.org/idr0011/Plate1-Blue-A_TS-Stinger/Plate1-Blue-A-03-Scene-2-P3-D1-02.czi	Smallest public files for fast external smoke coverage.
czi-smoke	czi	43558848	https://downloads.openmicroscopy.org/images/Zeiss-CZI/idr0011/Plate1-Blue-A_TS-Stinger/Plate1-Blue-A-03-Scene-3-P2-D1-03.czi	external-fixtures/data/czi/downloads.openmicroscopy.org/idr0011/Plate1-Blue-A_TS-Stinger/Plate1-Blue-A-03-Scene-3-P2-D1-03.czi	Smallest public files for fast external smoke coverage.
czi-openslide-zeiss5-smoke	czi	52281408	https://openslide.cs.cmu.edu/download/openslide-testdata/Zeiss/Zeiss-5-Flat.czi	external-fixtures/data/czi/openslide.cs.cmu.edu/download/openslide-testdata/Zeiss/Zeiss-5-Flat.czi	Targeted OpenSlide Zeiss-5 smoke set; JPEG XR non-pyramidal CZI with two scenes.
czi-openslide-zeiss5-feature	czi	68811968	https://openslide.cs.cmu.edu/download/openslide-testdata/Zeiss/Zeiss-5-JXR.czi	external-fixtures/data/czi/openslide.cs.cmu.edu/download/openslide-testdata/Zeiss/Zeiss-5-JXR.czi	Targeted OpenSlide Zeiss-5 feature set; JPEG XR multi-subblock mosaic CZI with two scenes.
czi-openslide-zeiss5-feature	czi	80002752	https://openslide.cs.cmu.edu/download/openslide-testdata/Zeiss/Zeiss-5-Cropped.czi	external-fixtures/data/czi/openslide.cs.cmu.edu/download/openslide-testdata/Zeiss/Zeiss-5-Cropped.czi	Targeted OpenSlide Zeiss-5 feature set; cropped JPEG XR multi-subblock mosaic scenes.
czi-openslide-zeiss5-pyramid	czi	68811968	https://openslide.cs.cmu.edu/download/openslide-testdata/Zeiss/Zeiss-5-JXR.czi	external-fixtures/data/czi/openslide.cs.cmu.edu/download/openslide-testdata/Zeiss/Zeiss-5-JXR.czi	Targeted OpenSlide Zeiss-5 pyramid set; real CC0 JPEG XR pyramidal CZI using reduced stored X/Y sizes rather than R dimension levels.
czi-openslide-zeiss5-pyramid	czi	80002752	https://openslide.cs.cmu.edu/download/openslide-testdata/Zeiss/Zeiss-5-Cropped.czi	external-fixtures/data/czi/openslide.cs.cmu.edu/download/openslide-testdata/Zeiss/Zeiss-5-Cropped.czi	Targeted OpenSlide Zeiss-5 pyramid set; real CC0 cropped JPEG XR pyramidal CZI using reduced stored X/Y sizes rather than R dimension levels.
czi-synthetic-tile-smoke	czi	2585792	https://zenodo.org/records/7015307/files/S=2_2x2_CH=1.czi?download=1	external-fixtures/data/czi/zenodo.org/records/7015307/files/S=2_2x2_CH=1.czi	Targeted Zenodo synthetic tiled smoke set; small 2x2 tile CZI.
czi-synthetic-tile-feature	czi	31262496	https://zenodo.org/records/7015307/files/W96_B2+B4_S=2_T=1=Z=1_C=1_Tile=5x9.czi?download=1	external-fixtures/data/czi/zenodo.org/records/7015307/files/W96_B2+B4_S=2_T=1=Z=1_C=1_Tile=5x9.czi	Targeted Zenodo synthetic tiled feature set; W96 5x9 tile CZI.
czi-synthetic-tile-regression-large	czi	737698784	https://zenodo.org/records/7015307/files/W96_B2+B4_S=2_T=2=Z=4_C=3_Tile=5x9.czi?download=1	external-fixtures/data/czi/zenodo.org/records/7015307/files/W96_B2+B4_S=2_T=2=Z=4_C=3_Tile=5x9.czi	Large Zenodo synthetic tiled CZI regression/stress file; not for routine CI.
dcimg-smoke	dcimg	0	https://downloads.openmicroscopy.org/images/DCIMG/zenodo-14268554/bead_bot4_018/metadata.ini	external-fixtures/data/dcimg/downloads.openmicroscopy.org/zenodo-14268554/bead_bot4_018/metadata.ini	Smallest public files for fast external smoke coverage.
dcimg-smoke	dcimg	99	https://downloads.openmicroscopy.org/images/DCIMG/zenodo-14268554/bead_bot4_018/Z%20Positions.txt	external-fixtures/data/dcimg/downloads.openmicroscopy.org/zenodo-14268554/bead_bot4_018/Z%20Positions.txt	Smallest public files for fast external smoke coverage.
dcimg-smoke	dcimg	141	https://downloads.openmicroscopy.org/images/DCIMG/zenodo-14287640/Cell09/Cell09.txt	external-fixtures/data/dcimg/downloads.openmicroscopy.org/zenodo-14287640/Cell09/Cell09.txt	Smallest public files for fast external smoke coverage.
dcimg-pixel-smoke	dcimg	141	https://downloads.openmicroscopy.org/images/DCIMG/zenodo-14287640/Cell09/Cell09.txt	external-fixtures/data/dcimg/downloads.openmicroscopy.org/zenodo-14287640/Cell09/Cell09.txt	Targeted readable pixel smoke set; keeps the text sidecar with the smallest matching DCIMG payloads.
dcimg-pixel-smoke	dcimg	689232	https://downloads.openmicroscopy.org/images/DCIMG/zenodo-14287640/Cell09/Cell09_642_000_000.dcimg	external-fixtures/data/dcimg/downloads.openmicroscopy.org/zenodo-14287640/Cell09/Cell09_642_000_000.dcimg	Targeted readable pixel smoke set; smallest public DCIMG payload candidate.
dcimg-pixel-smoke	dcimg	689232	https://downloads.openmicroscopy.org/images/DCIMG/zenodo-14287640/Cell09/Cell09_642_000_001.dcimg	external-fixtures/data/dcimg/downloads.openmicroscopy.org/zenodo-14287640/Cell09/Cell09_642_000_001.dcimg	Targeted readable pixel smoke set; smallest public DCIMG payload candidate.
dcimg-pixel-smoke	dcimg	689232	https://downloads.openmicroscopy.org/images/DCIMG/zenodo-14287640/Cell09/Cell09_642_000_002.dcimg	external-fixtures/data/dcimg/downloads.openmicroscopy.org/zenodo-14287640/Cell09/Cell09_642_000_002.dcimg	Targeted readable pixel smoke set; smallest public DCIMG payload candidate.
dicom-smoke	dicom	3308	https://downloads.openmicroscopy.org/images/DICOM/nema/WG04/IMAGES/J2KI/NM1_J2KI	external-fixtures/data/dicom/downloads.openmicroscopy.org/nema/WG04/IMAGES/J2KI/NM1_J2KI	Smallest public files for fast external smoke coverage.
dicom-smoke	dicom	6830	https://downloads.openmicroscopy.org/images/DICOM/nema/WG04/IMAGES/J2KI/CT2_J2KI	external-fixtures/data/dicom/downloads.openmicroscopy.org/nema/WG04/IMAGES/J2KI/CT2_J2KI	Smallest public files for fast external smoke coverage.
dicom-smoke	dicom	9012	https://downloads.openmicroscopy.org/images/DICOM/nema/WG04/IMAGES/J2KI/MR1_J2KI	external-fixtures/data/dicom/downloads.openmicroscopy.org/nema/WG04/IMAGES/J2KI/MR1_J2KI	Smallest public files for fast external smoke coverage.
dv-smoke	dv	32314	https://downloads.openmicroscopy.org/images/DV/U2OS/U2OS_AurB_AurA_003_R3D.dv.log	external-fixtures/data/dv/downloads.openmicroscopy.org/U2OS/U2OS_AurB_AurA_003_R3D.dv.log	Smallest public files for fast external smoke coverage.
dv-smoke	dv	32390	https://downloads.openmicroscopy.org/images/DV/U2OS/U2OS_AurB_AurA_002_R3D.dv.log	external-fixtures/data/dv/downloads.openmicroscopy.org/U2OS/U2OS_AurB_AurA_002_R3D.dv.log	Smallest public files for fast external smoke coverage.
dv-smoke	dv	32462	https://downloads.openmicroscopy.org/images/DV/U2OS/U2OS_AurB_AurA_004_R3D.dv.log	external-fixtures/data/dv/downloads.openmicroscopy.org/U2OS/U2OS_AurB_AurA_004_R3D.dv.log	Smallest public files for fast external smoke coverage.
dv-feature	dv	52446208	https://downloads.openmicroscopy.org/images/DV/U2OS/U2OS_AurB_AurA_100x_001_R3D.dv	external-fixtures/data/dv/downloads.openmicroscopy.org/U2OS/U2OS_AurB_AurA_100x_001_R3D.dv	Moderate-size public files for broader format feature coverage.
dv-feature	dv	52446208	https://downloads.openmicroscopy.org/images/DV/U2OS/U2OS_AurB_AurA_100x_001_R3D_D3D.dv	external-fixtures/data/dv/downloads.openmicroscopy.org/U2OS/U2OS_AurB_AurA_100x_001_R3D_D3D.dv	Moderate-size public files for broader format feature coverage.
dv-feature	dv	52446208	https://downloads.openmicroscopy.org/images/DV/U2OS/U2OS_AurB_AurA_100x_002_R3D.dv	external-fixtures/data/dv/downloads.openmicroscopy.org/U2OS/U2OS_AurB_AurA_100x_002_R3D.dv	Moderate-size public files for broader format feature coverage.
dv-feature	dv	52446208	https://downloads.openmicroscopy.org/images/DV/U2OS/U2OS_AurB_AurA_100x_002_R3D_D3D.dv	external-fixtures/data/dv/downloads.openmicroscopy.org/U2OS/U2OS_AurB_AurA_100x_002_R3D_D3D.dv	Moderate-size public files for broader format feature coverage.
dv-feature	dv	52446208	https://downloads.openmicroscopy.org/images/DV/U2OS/U2OS_AurB_AurA_100x_003_R3D.dv	external-fixtures/data/dv/downloads.openmicroscopy.org/U2OS/U2OS_AurB_AurA_100x_003_R3D.dv	Moderate-size public files for broader format feature coverage.
ecat7-smoke	ecat7	5244416	https://downloads.openmicroscopy.org/images/ECAT7/torsten/gradient-512x512x10.v	external-fixtures/data/ecat7/downloads.openmicroscopy.org/torsten/gradient-512x512x10.v	Smallest public files for fast external smoke coverage.
flex-smoke	flex	91651181	https://downloads.openmicroscopy.org/images/Flex/idr0001/X_110331_S13/Meas_01%282011-03-31_11-53-03%29/001001000.flex	external-fixtures/data/flex/downloads.openmicroscopy.org/idr0001/X_110331_S13/Meas_01%282011-03-31_11-53-03%29/001001000.flex	Smallest public files for fast external smoke coverage.
flex-smoke	flex	91651181	https://downloads.openmicroscopy.org/images/Flex/idr0001/X_110331_S13/Meas_01%282011-03-31_11-53-03%29/002001000.flex	external-fixtures/data/flex/downloads.openmicroscopy.org/idr0001/X_110331_S13/Meas_01%282011-03-31_11-53-03%29/002001000.flex	Smallest public files for fast external smoke coverage.
flex-feature	flex	91651181	https://downloads.openmicroscopy.org/images/Flex/idr0001/X_110331_S13/Meas_01%282011-03-31_11-53-03%29/001001000.flex	external-fixtures/data/flex/downloads.openmicroscopy.org/idr0001/X_110331_S13/Meas_01%282011-03-31_11-53-03%29/001001000.flex	Moderate-size public files for broader format feature coverage.
flex-feature	flex	91651181	https://downloads.openmicroscopy.org/images/Flex/idr0001/X_110331_S13/Meas_01%282011-03-31_11-53-03%29/002001000.flex	external-fixtures/data/flex/downloads.openmicroscopy.org/idr0001/X_110331_S13/Meas_01%282011-03-31_11-53-03%29/002001000.flex	Moderate-size public files for broader format feature coverage.
flex-feature	flex	91651213	https://downloads.openmicroscopy.org/images/Flex/idr0001/X_110331_S13/Meas_01%282011-03-31_11-53-03%29/001002000.flex	external-fixtures/data/flex/downloads.openmicroscopy.org/idr0001/X_110331_S13/Meas_01%282011-03-31_11-53-03%29/001002000.flex	Moderate-size public files for broader format feature coverage.
flex-feature	flex	91651213	https://downloads.openmicroscopy.org/images/Flex/idr0001/X_110331_S13/Meas_01%282011-03-31_11-53-03%29/001003000.flex	external-fixtures/data/flex/downloads.openmicroscopy.org/idr0001/X_110331_S13/Meas_01%282011-03-31_11-53-03%29/001003000.flex	Moderate-size public files for broader format feature coverage.
flex-feature	flex	91651213	https://downloads.openmicroscopy.org/images/Flex/idr0001/X_110331_S13/Meas_01%282011-03-31_11-53-03%29/001004000.flex	external-fixtures/data/flex/downloads.openmicroscopy.org/idr0001/X_110331_S13/Meas_01%282011-03-31_11-53-03%29/001004000.flex	Moderate-size public files for broader format feature coverage.
gatan-smoke	gatan	4811140	https://downloads.openmicroscopy.org/images/Gatan/imagesc-36590/SmallMontage0000.dm4	external-fixtures/data/gatan/downloads.openmicroscopy.org/imagesc-36590/SmallMontage0000.dm4	Smallest public files for fast external smoke coverage.
gatan-smoke	gatan	4811349	https://downloads.openmicroscopy.org/images/Gatan/imagesc-36590/SmallMontage0001.dm4	external-fixtures/data/gatan/downloads.openmicroscopy.org/imagesc-36590/SmallMontage0001.dm4	Smallest public files for fast external smoke coverage.
gatan-smoke	gatan	4811558	https://downloads.openmicroscopy.org/images/Gatan/imagesc-36590/SmallMontage0002.dm4	external-fixtures/data/gatan/downloads.openmicroscopy.org/imagesc-36590/SmallMontage0002.dm4	Smallest public files for fast external smoke coverage.
gatan-feature	gatan	200614673	https://downloads.openmicroscopy.org/images/Gatan/imagesc-36590/191041a_ctl_M2_3VBSED_0045.dm4	external-fixtures/data/gatan/downloads.openmicroscopy.org/imagesc-36590/191041a_ctl_M2_3VBSED_0045.dm4	Moderate-size public files for broader format feature coverage.
gatan-feature	gatan	200614673	https://downloads.openmicroscopy.org/images/Gatan/imagesc-36590/191041a_ctl_M2_3VBSED_0046.dm4	external-fixtures/data/gatan/downloads.openmicroscopy.org/imagesc-36590/191041a_ctl_M2_3VBSED_0046.dm4	Moderate-size public files for broader format feature coverage.
gatan-feature	gatan	200614673	https://downloads.openmicroscopy.org/images/Gatan/imagesc-36590/191041a_ctl_M2_3VBSED_0047.dm4	external-fixtures/data/gatan/downloads.openmicroscopy.org/imagesc-36590/191041a_ctl_M2_3VBSED_0047.dm4	Moderate-size public files for broader format feature coverage.
gatan-feature	gatan	200614673	https://downloads.openmicroscopy.org/images/Gatan/imagesc-36590/191041a_ctl_M2_3VBSED_0048.dm4	external-fixtures/data/gatan/downloads.openmicroscopy.org/imagesc-36590/191041a_ctl_M2_3VBSED_0048.dm4	Moderate-size public files for broader format feature coverage.
gatan-feature	gatan	200614673	https://downloads.openmicroscopy.org/images/Gatan/imagesc-36590/191041a_ctl_M2_3VBSED_0049.dm4	external-fixtures/data/gatan/downloads.openmicroscopy.org/imagesc-36590/191041a_ctl_M2_3VBSED_0049.dm4	Moderate-size public files for broader format feature coverage.
gatan-regression-large	gatan	8657894391	https://downloads.openmicroscopy.org/images/Gatan/EMPIAR/EMPIAR-10013/BGal_000438_frames.dm4	external-fixtures/data/gatan/downloads.openmicroscopy.org/EMPIAR/EMPIAR-10013/BGal_000438_frames.dm4	Large public regression/stress files; not for routine CI.
gateway-tests-smoke	gateway-tests	30144	https://downloads.openmicroscopy.org/images/gateway_tests/tinyTest.d3d.dv	external-fixtures/data/gateway-tests/downloads.openmicroscopy.org/tinyTest.d3d.dv	Smallest public files for fast external smoke coverage.
gateway-tests-smoke	gateway-tests	36712448	https://downloads.openmicroscopy.org/images/gateway_tests/CHOBI_d3d.dv	external-fixtures/data/gateway-tests/downloads.openmicroscopy.org/CHOBI_d3d.dv	Smallest public files for fast external smoke coverage.
gateway-tests-smoke	gateway-tests	67174663	https://downloads.openmicroscopy.org/images/gateway_tests/big.tiff	external-fixtures/data/gateway-tests/downloads.openmicroscopy.org/big.tiff	Smallest public files for fast external smoke coverage.
gateway-tests-feature	gateway-tests	67174663	https://downloads.openmicroscopy.org/images/gateway_tests/big.tiff	external-fixtures/data/gateway-tests/downloads.openmicroscopy.org/big.tiff	Moderate-size public files for broader format feature coverage.
hamamatsu-ndpi-smoke	hamamatsu-ndpi	152	https://downloads.openmicroscopy.org/images/Hamamatsu-NDPI/manuel/test3.ndpis	external-fixtures/data/hamamatsu-ndpi/downloads.openmicroscopy.org/manuel/test3.ndpis	Smallest public files for fast external smoke coverage.
hamamatsu-ndpi-smoke	hamamatsu-ndpi	3064887	https://downloads.openmicroscopy.org/images/Hamamatsu-NDPI/manuel/test3-TRITC%202%20%28560%29.ndpi	external-fixtures/data/hamamatsu-ndpi/downloads.openmicroscopy.org/manuel/test3-TRITC%202%20%28560%29.ndpi	Smallest public files for fast external smoke coverage.
hamamatsu-ndpi-smoke	hamamatsu-ndpi	3544235	https://downloads.openmicroscopy.org/images/Hamamatsu-NDPI/manuel/test3-DAPI%202%20%28387%29%20.ndpi	external-fixtures/data/hamamatsu-ndpi/downloads.openmicroscopy.org/manuel/test3-DAPI%202%20%28387%29%20.ndpi	Smallest public files for fast external smoke coverage.
hamamatsu-ndpi-image-smoke	hamamatsu-ndpi	3064887	https://downloads.openmicroscopy.org/images/Hamamatsu-NDPI/manuel/test3-TRITC%202%20%28560%29.ndpi	external-fixtures/data/hamamatsu-ndpi/downloads.openmicroscopy.org/manuel/test3-TRITC%202%20%28560%29.ndpi	Targeted readable image smoke set; excludes the tiny .ndpis sidecar.
hamamatsu-ndpi-image-smoke	hamamatsu-ndpi	3544235	https://downloads.openmicroscopy.org/images/Hamamatsu-NDPI/manuel/test3-DAPI%202%20%28387%29%20.ndpi	external-fixtures/data/hamamatsu-ndpi/downloads.openmicroscopy.org/manuel/test3-DAPI%202%20%28387%29%20.ndpi	Targeted readable image smoke set; excludes the tiny .ndpis sidecar.
hamamatsu-ndpi-image-smoke	hamamatsu-ndpi	4484083	https://downloads.openmicroscopy.org/images/Hamamatsu-NDPI/manuel/test3-FITC%202%20%28485%29.ndpi	external-fixtures/data/hamamatsu-ndpi/downloads.openmicroscopy.org/manuel/test3-FITC%202%20%28485%29.ndpi	Targeted readable image smoke set; excludes the tiny .ndpis sidecar.
hamamatsu-ndpi-feature	hamamatsu-ndpi	198030965	https://downloads.openmicroscopy.org/images/Hamamatsu-NDPI/openslide/CMU-1/CMU-1.ndpi	external-fixtures/data/hamamatsu-ndpi/downloads.openmicroscopy.org/openslide/CMU-1/CMU-1.ndpi	Moderate-size public files for broader format feature coverage.
hamamatsu-ndpi-feature	hamamatsu-ndpi	283216422	https://downloads.openmicroscopy.org/images/Hamamatsu-NDPI/openslide/CMU-3/CMU-3.ndpi	external-fixtures/data/hamamatsu-ndpi/downloads.openmicroscopy.org/openslide/CMU-3/CMU-3.ndpi	Moderate-size public files for broader format feature coverage.
hamamatsu-ndpi-feature	hamamatsu-ndpi	400701142	https://downloads.openmicroscopy.org/images/Hamamatsu-NDPI/openslide/CMU-2/CMU-2.ndpi	external-fixtures/data/hamamatsu-ndpi/downloads.openmicroscopy.org/openslide/CMU-2/CMU-2.ndpi	Moderate-size public files for broader format feature coverage.
hamamatsu-ndpi-regression-large	hamamatsu-ndpi	2106109404	https://downloads.openmicroscopy.org/images/Hamamatsu-NDPI/hamamatsu/DM0014%20-%202020-04-02%2011.10.47.ndpi	external-fixtures/data/hamamatsu-ndpi/downloads.openmicroscopy.org/hamamatsu/DM0014%20-%202020-04-02%2011.10.47.ndpi	Large public regression/stress files; not for routine CI.
hamamatsu-ndpi-regression-large	hamamatsu-ndpi	2817876014	https://downloads.openmicroscopy.org/images/Hamamatsu-NDPI/hamamatsu/DM0014%20-%202020-04-02%2010.25.21.ndpi	external-fixtures/data/hamamatsu-ndpi/downloads.openmicroscopy.org/hamamatsu/DM0014%20-%202020-04-02%2010.25.21.ndpi	Large public regression/stress files; not for routine CI.
hamamatsu-ndpi-regression-large	hamamatsu-ndpi	4508030965	https://downloads.openmicroscopy.org/images/Hamamatsu-NDPI/imagesc-84874/Dguok_A_6275_Con_OV_01.ndpi	external-fixtures/data/hamamatsu-ndpi/downloads.openmicroscopy.org/imagesc-84874/Dguok_A_6275_Con_OV_01.ndpi	Large public regression/stress files; not for routine CI.
hamamatsu-vms-smoke	hamamatsu-vms	711	https://downloads.openmicroscopy.org/images/Hamamatsu-VMS/openslide/CMU-1/CMU-1-40x%20-%202010-01-12%2013.24.05.vms	external-fixtures/data/hamamatsu-vms/downloads.openmicroscopy.org/openslide/CMU-1/CMU-1-40x%20-%202010-01-12%2013.24.05.vms	Smallest public files for fast external smoke coverage.
hamamatsu-vms-smoke	hamamatsu-vms	826	https://downloads.openmicroscopy.org/images/Hamamatsu-VMS/openslide/CMU-2/CMU-2-40x%20-%202010-01-12%2013.38.58.vms	external-fixtures/data/hamamatsu-vms/downloads.openmicroscopy.org/openslide/CMU-2/CMU-2-40x%20-%202010-01-12%2013.38.58.vms	Smallest public files for fast external smoke coverage.
hamamatsu-vms-smoke	hamamatsu-vms	44802	https://downloads.openmicroscopy.org/images/Hamamatsu-VMS/openslide/CMU-1/CMU-1-40x%20-%202010-01-12%2013.24.05_macro.jpg	external-fixtures/data/hamamatsu-vms/downloads.openmicroscopy.org/openslide/CMU-1/CMU-1-40x%20-%202010-01-12%2013.24.05_macro.jpg	Smallest public files for fast external smoke coverage.
hamamatsu-vms-feature	hamamatsu-vms	55761574	https://downloads.openmicroscopy.org/images/Hamamatsu-VMS/openslide/CMU-1/CMU-1-40x%20-%202010-01-12%2013.24.05%280%2C1%29.jpg	external-fixtures/data/hamamatsu-vms/downloads.openmicroscopy.org/openslide/CMU-1/CMU-1-40x%20-%202010-01-12%2013.24.05%280%2C1%29.jpg	Moderate-size public files for broader format feature coverage.
hamamatsu-vms-feature	hamamatsu-vms	230305891	https://downloads.openmicroscopy.org/images/Hamamatsu-VMS/openslide/CMU-3/CMU-3-40x%20-%202010-01-12%2013.57.09%280%2C1%29.jpg	external-fixtures/data/hamamatsu-vms/downloads.openmicroscopy.org/openslide/CMU-3/CMU-3-40x%20-%202010-01-12%2013.57.09%280%2C1%29.jpg	Moderate-size public files for broader format feature coverage.
hamamatsu-vms-feature	hamamatsu-vms	247708652	https://downloads.openmicroscopy.org/images/Hamamatsu-VMS/openslide/CMU-1/CMU-1-40x%20-%202010-01-12%2013.24.05%281%2C0%29.jpg	external-fixtures/data/hamamatsu-vms/downloads.openmicroscopy.org/openslide/CMU-1/CMU-1-40x%20-%202010-01-12%2013.24.05%281%2C0%29.jpg	Moderate-size public files for broader format feature coverage.
hamamatsu-vms-feature	hamamatsu-vms	271433622	https://downloads.openmicroscopy.org/images/Hamamatsu-VMS/openslide/CMU-3/CMU-3-40x%20-%202010-01-12%2013.57.09%281%2C0%29.jpg	external-fixtures/data/hamamatsu-vms/downloads.openmicroscopy.org/openslide/CMU-3/CMU-3-40x%20-%202010-01-12%2013.57.09%281%2C0%29.jpg	Moderate-size public files for broader format feature coverage.
hamamatsu-vms-feature	hamamatsu-vms	302191597	https://downloads.openmicroscopy.org/images/Hamamatsu-VMS/openslide/CMU-2/CMU-2-40x%20-%202010-01-12%2013.38.58%281%2C0%29.jpg	external-fixtures/data/hamamatsu-vms/downloads.openmicroscopy.org/openslide/CMU-2/CMU-2-40x%20-%202010-01-12%2013.38.58%281%2C0%29.jpg	Moderate-size public files for broader format feature coverage.
hcs-smoke	hcs	524340	https://downloads.openmicroscopy.org/images/HCS/BBBC/BBBC001/AS_09125_050118150001_A03f00d0.DIB	external-fixtures/data/hcs/downloads.openmicroscopy.org/BBBC/BBBC001/AS_09125_050118150001_A03f00d0.DIB	Smallest public files for fast external smoke coverage.
hcs-smoke	hcs	524340	https://downloads.openmicroscopy.org/images/HCS/BBBC/BBBC001/AS_09125_050118150001_A03f01d0.DIB	external-fixtures/data/hcs/downloads.openmicroscopy.org/BBBC/BBBC001/AS_09125_050118150001_A03f01d0.DIB	Smallest public files for fast external smoke coverage.
hcs-smoke	hcs	524340	https://downloads.openmicroscopy.org/images/HCS/BBBC/BBBC001/AS_09125_050118150001_A03f02d0.DIB	external-fixtures/data/hcs/downloads.openmicroscopy.org/BBBC/BBBC001/AS_09125_050118150001_A03f02d0.DIB	Smallest public files for fast external smoke coverage.
ics-smoke	ics	477	https://downloads.openmicroscopy.org/images/ICS/gh-4197/20240612_training_test-tiles_01_stitched.ics	external-fixtures/data/ics/downloads.openmicroscopy.org/gh-4197/20240612_training_test-tiles_01_stitched.ics	Smallest public files for fast external smoke coverage.
ics-smoke	ics	4373	https://downloads.openmicroscopy.org/images/ICS/jan/benchmark_v1_2018_x64y64z5c2s1t11_w1Laser4054BD4BP_5c8bc101d6559_hrm.ics	external-fixtures/data/ics/downloads.openmicroscopy.org/jan/benchmark_v1_2018_x64y64z5c2s1t11_w1Laser4054BD4BP_5c8bc101d6559_hrm.ics	Smallest public files for fast external smoke coverage.
ics-smoke	ics	81920	https://downloads.openmicroscopy.org/images/ICS/jan/benchmark_v1_2018_x64y64z5c2s1t11_w1Laser4054BD4BP_5c8bc101d6559_hrm.ids	external-fixtures/data/ics/downloads.openmicroscopy.org/jan/benchmark_v1_2018_x64y64z5c2s1t11_w1Laser4054BD4BP_5c8bc101d6559_hrm.ids	Smallest public files for fast external smoke coverage.
ics-regression-large	ics	1267924800	https://downloads.openmicroscopy.org/images/ICS/gh-4197/20240612_training_test-tiles_01_stitched.ids	external-fixtures/data/ics/downloads.openmicroscopy.org/gh-4197/20240612_training_test-tiles_01_stitched.ids	Large public regression/stress files; not for routine CI.
imaris-ims-smoke	imaris-ims	64184	https://downloads.openmicroscopy.org/images/Imaris-IMS/davemason/Convallaria_3C_10T_confocal.txt	external-fixtures/data/imaris-ims/downloads.openmicroscopy.org/davemason/Convallaria_3C_10T_confocal.txt	Smallest public files for fast external smoke coverage.
imaris-ims-smoke	imaris-ims	64190	https://downloads.openmicroscopy.org/images/Imaris-IMS/davemason/Convallaria_3C_1T_confocal.txt	external-fixtures/data/imaris-ims/downloads.openmicroscopy.org/davemason/Convallaria_3C_1T_confocal.txt	Smallest public files for fast external smoke coverage.
imaris-ims-smoke	imaris-ims	64728	https://downloads.openmicroscopy.org/images/Imaris-IMS/davemason/Convallaria_3C_3T_35Z_confocal.txt	external-fixtures/data/imaris-ims/downloads.openmicroscopy.org/davemason/Convallaria_3C_3T_35Z_confocal.txt	Smallest public files for fast external smoke coverage.
imaris-ims-feature	imaris-ims	64193570	https://downloads.openmicroscopy.org/images/Imaris-IMS/davemason/Convallaria_3C_10T_confocal.ims	external-fixtures/data/imaris-ims/downloads.openmicroscopy.org/davemason/Convallaria_3C_10T_confocal.ims	Moderate-size public files for broader format feature coverage.
imaris-ims-feature	imaris-ims	69711068	https://downloads.openmicroscopy.org/images/Imaris-IMS/davemason/Convallaria_3C_3T_2x2grid_confocal_IMS3.ims	external-fixtures/data/imaris-ims/downloads.openmicroscopy.org/davemason/Convallaria_3C_3T_2x2grid_confocal_IMS3.ims	Moderate-size public files for broader format feature coverage.
imaris-ims-feature	imaris-ims	70168328	https://downloads.openmicroscopy.org/images/Imaris-IMS/davemason/Convallaria_3C_3T_2x2grid_confocal.ims	external-fixtures/data/imaris-ims/downloads.openmicroscopy.org/davemason/Convallaria_3C_3T_2x2grid_confocal.ims	Moderate-size public files for broader format feature coverage.
imaris-ims-feature	imaris-ims	71325474	https://downloads.openmicroscopy.org/images/Imaris-IMS/davemason/Convallaria_3C_10T_confocal_IMS3.ims	external-fixtures/data/imaris-ims/downloads.openmicroscopy.org/davemason/Convallaria_3C_10T_confocal_IMS3.ims	Moderate-size public files for broader format feature coverage.
imaris-ims-feature	imaris-ims	109803811	https://downloads.openmicroscopy.org/images/Imaris-IMS/bitplane/performance/performanceTestImage.ims	external-fixtures/data/imaris-ims/downloads.openmicroscopy.org/bitplane/performance/performanceTestImage.ims	Moderate-size public files for broader format feature coverage.
imaris-ims-regression-large	imaris-ims	992384326	https://downloads.openmicroscopy.org/images/Imaris-IMS/davemason/Convallaria_3C_3T_35Z_confocal_deconvolved.ims	external-fixtures/data/imaris-ims/downloads.openmicroscopy.org/davemason/Convallaria_3C_3T_35Z_confocal_deconvolved.ims	Large public regression/stress files; not for routine CI.
imaris-ims-regression-large	imaris-ims	992410732	https://downloads.openmicroscopy.org/images/Imaris-IMS/davemason/Convallaria_3C_3T_35Z_confocal.ims	external-fixtures/data/imaris-ims/downloads.openmicroscopy.org/davemason/Convallaria_3C_3T_35Z_confocal.ims	Large public regression/stress files; not for routine CI.
imaris-ims-regression-large	imaris-ims	2146982535	https://downloads.openmicroscopy.org/images/Imaris-IMS/davemason/TransFactors_2C_34Z_SRRF.ims	external-fixtures/data/imaris-ims/downloads.openmicroscopy.org/davemason/TransFactors_2C_34Z_SRRF.ims	Large public regression/stress files; not for routine CI.
imspector-feature	imspector	275404088	https://downloads.openmicroscopy.org/images/Imspector/zenodo-10476252/test.msr	external-fixtures/data/imspector/downloads.openmicroscopy.org/zenodo-10476252/test.msr	Moderate-size public files for broader format feature coverage.
incell2000-smoke	incell2000	8389074	https://downloads.openmicroscopy.org/images/InCell2000/INMAC384-DAPI-CM-eGFP_59223_1/A%20-%201%28fld%201%20wv%20Cy5%20-%20Cy5%29.tif	external-fixtures/data/incell2000/downloads.openmicroscopy.org/INMAC384-DAPI-CM-eGFP_59223_1/A%20-%201%28fld%201%20wv%20Cy5%20-%20Cy5%29.tif	Smallest public files for fast external smoke coverage.
incell2000-smoke	incell2000	8389074	https://downloads.openmicroscopy.org/images/InCell2000/INMAC384-DAPI-CM-eGFP_59223_1/A%20-%2010%28fld%201%20wv%20Cy5%20-%20Cy5%29.tif	external-fixtures/data/incell2000/downloads.openmicroscopy.org/INMAC384-DAPI-CM-eGFP_59223_1/A%20-%2010%28fld%201%20wv%20Cy5%20-%20Cy5%29.tif	Smallest public files for fast external smoke coverage.
incell2000-smoke	incell2000	8389074	https://downloads.openmicroscopy.org/images/InCell2000/INMAC384-DAPI-CM-eGFP_59223_1/A%20-%2011%28fld%201%20wv%20Cy5%20-%20Cy5%29.tif	external-fixtures/data/incell2000/downloads.openmicroscopy.org/INMAC384-DAPI-CM-eGFP_59223_1/A%20-%2011%28fld%201%20wv%20Cy5%20-%20Cy5%29.tif	Smallest public files for fast external smoke coverage.
incell3000-smoke	incell3000	410678	https://downloads.openmicroscopy.org/images/InCell3000/BBBC013/BBBC013_v1_images_bmp/Channel1-01-A-01.BMP	external-fixtures/data/incell3000/downloads.openmicroscopy.org/BBBC013/BBBC013_v1_images_bmp/Channel1-01-A-01.BMP	Smallest public files for fast external smoke coverage.
incell3000-smoke	incell3000	410678	https://downloads.openmicroscopy.org/images/InCell3000/BBBC013/BBBC013_v1_images_bmp/Channel1-02-A-02.BMP	external-fixtures/data/incell3000/downloads.openmicroscopy.org/BBBC013/BBBC013_v1_images_bmp/Channel1-02-A-02.BMP	Smallest public files for fast external smoke coverage.
incell3000-smoke	incell3000	410678	https://downloads.openmicroscopy.org/images/InCell3000/BBBC013/BBBC013_v1_images_bmp/Channel1-03-A-03.BMP	external-fixtures/data/incell3000/downloads.openmicroscopy.org/BBBC013/BBBC013_v1_images_bmp/Channel1-03-A-03.BMP	Smallest public files for fast external smoke coverage.
jdce-smoke	jdce	887	https://downloads.openmicroscopy.org/images/JDCE/molecular-devices/Acquisition/Z%20series%20with%20projection%20stack/Pollen%20Plate%20Demo_Z%20Series/Pollen%20Plate%20Demo%20Test_20240723_133212/autofocus/focus_report.txt	external-fixtures/data/jdce/downloads.openmicroscopy.org/molecular-devices/Acquisition/Z%20series%20with%20projection%20stack/Pollen%20Plate%20Demo_Z%20Series/Pollen%20Plate%20Demo%20Test_20240723_133212/autofocus/focus_report.txt	Smallest public files for fast external smoke coverage.
jdce-smoke	jdce	4709	https://downloads.openmicroscopy.org/images/JDCE/molecular-devices/Acquisition/Z%20series%20with%20projection%20stack/Pollen%20Plate%20Demo_Z%20Series/Pollen%20Plate%20Demo%20Test_20240723_133212/experiment/Pollen%20Plate%20Demo_Z%20Series.jdce	external-fixtures/data/jdce/downloads.openmicroscopy.org/molecular-devices/Acquisition/Z%20series%20with%20projection%20stack/Pollen%20Plate%20Demo_Z%20Series/Pollen%20Plate%20Demo%20Test_20240723_133212/experiment/Pollen%20Plate%20Demo_Z%20Series.jdce	Smallest public files for fast external smoke coverage.
jdce-smoke	jdce	22671	https://downloads.openmicroscopy.org/images/JDCE/molecular-devices/Acquisition/Z%20series%20with%20projection%20stack/Pollen%20Plate%20Demo_Z%20Series/Pollen%20Plate%20Demo%20Test_20240723_133212/autofocus/focus_search.csv	external-fixtures/data/jdce/downloads.openmicroscopy.org/molecular-devices/Acquisition/Z%20series%20with%20projection%20stack/Pollen%20Plate%20Demo_Z%20Series/Pollen%20Plate%20Demo%20Test_20240723_133212/autofocus/focus_search.csv	Smallest public files for fast external smoke coverage.
klb-smoke	klb	13353	https://downloads.openmicroscopy.org/images/KLB/idr0044/Mmu_E1_CAGTAG1.TM000000_timeFused_blending/SPM00_TM000000_CM00_CM01_CHN00.fusedStack_yzProjection.corrected.shifted.klb	external-fixtures/data/klb/downloads.openmicroscopy.org/idr0044/Mmu_E1_CAGTAG1.TM000000_timeFused_blending/SPM00_TM000000_CM00_CM01_CHN00.fusedStack_yzProjection.corrected.shifted.klb	Smallest public files for fast external smoke coverage.
klb-smoke	klb	13353	https://downloads.openmicroscopy.org/images/KLB/idr0044/Mmu_E1_CAGTAG1.TM000000_timeFused_blending/SPM00_TM000000_CM00_CM01_CHN01.fusedStack_yzProjection.corrected.shifted.klb	external-fixtures/data/klb/downloads.openmicroscopy.org/idr0044/Mmu_E1_CAGTAG1.TM000000_timeFused_blending/SPM00_TM000000_CM00_CM01_CHN01.fusedStack_yzProjection.corrected.shifted.klb	Smallest public files for fast external smoke coverage.
klb-smoke	klb	13353	https://downloads.openmicroscopy.org/images/KLB/idr0044/Mmu_E1_CAGTAG1.TM000001_timeFused_blending/SPM00_TM000001_CM00_CM01_CHN00.fusedStack_yzProjection.corrected.shifted.klb	external-fixtures/data/klb/downloads.openmicroscopy.org/idr0044/Mmu_E1_CAGTAG1.TM000001_timeFused_blending/SPM00_TM000001_CM00_CM01_CHN00.fusedStack_yzProjection.corrected.shifted.klb	Smallest public files for fast external smoke coverage.
leica-lif-smoke	leica-lif	196	https://downloads.openmicroscopy.org/images/Leica-LIF/seanwarren/150519_FRAP_test_ROIs_chromagreen/150519_FRAP_test_ROIs_chromagreen-junctions.mat	external-fixtures/data/leica-lif/downloads.openmicroscopy.org/seanwarren/150519_FRAP_test_ROIs_chromagreen/150519_FRAP_test_ROIs_chromagreen-junctions.mat	Smallest public files for fast external smoke coverage.
leica-lif-smoke	leica-lif	12800	https://downloads.openmicroscopy.org/images/Leica-LIF/seanwarren/150519_FRAP_test_ROIs_chromagreen/Thumbs.db	external-fixtures/data/leica-lif/downloads.openmicroscopy.org/seanwarren/150519_FRAP_test_ROIs_chromagreen/Thumbs.db	Smallest public files for fast external smoke coverage.
leica-lif-smoke	leica-lif	13150	https://downloads.openmicroscopy.org/images/Leica-LIF/seanwarren/150519_FRAP_test_ROIs_chromagreen/FRAP_000_1um.roi	external-fixtures/data/leica-lif/downloads.openmicroscopy.org/seanwarren/150519_FRAP_test_ROIs_chromagreen/FRAP_000_1um.roi	Smallest public files for fast external smoke coverage.
leica-lif-feature	leica-lif	111643445	https://downloads.openmicroscopy.org/images/Leica-LIF/zenodo-6606445/Project007.lif	external-fixtures/data/leica-lif/downloads.openmicroscopy.org/zenodo-6606445/Project007.lif	Moderate-size public files for broader format feature coverage.
leica-lif-feature	leica-lif	460639207	https://downloads.openmicroscopy.org/images/Leica-LIF/imagesc-110520/AMR1.lifext	external-fixtures/data/leica-lif/downloads.openmicroscopy.org/imagesc-110520/AMR1.lifext	Moderate-size public files for broader format feature coverage.
leica-lif-regression-large	leica-lif	3011996417	https://downloads.openmicroscopy.org/images/Leica-LIF/imagesc-110520/AMR1.lif	external-fixtures/data/leica-lif/downloads.openmicroscopy.org/imagesc-110520/AMR1.lif	Large public regression/stress files; not for routine CI.
leica-scn-feature	leica-scn	291812870	https://downloads.openmicroscopy.org/images/Leica-SCN/openslide/Leica-1/Leica-1.scn	external-fixtures/data/leica-scn/downloads.openmicroscopy.org/openslide/Leica-1/Leica-1.scn	Moderate-size public files for broader format feature coverage.
leica-scn-regression-large	leica-scn	2252519322	https://downloads.openmicroscopy.org/images/Leica-SCN/openslide/Leica-2/Leica-2.scn	external-fixtures/data/leica-scn/downloads.openmicroscopy.org/openslide/Leica-2/Leica-2.scn	Large public regression/stress files; not for routine CI.
leica-scn-regression-large	leica-scn	2993595082	https://downloads.openmicroscopy.org/images/Leica-SCN/openslide/Leica-3/Leica-3.scn	external-fixtures/data/leica-scn/downloads.openmicroscopy.org/openslide/Leica-3/Leica-3.scn	Large public regression/stress files; not for routine CI.
leica-xlef-smoke	leica-xlef	1532	https://downloads.openmicroscopy.org/images/Leica-XLEF/2020_06_23_sample%203%20U2OS/XLEF-LOF%202020_06_23_sample%203%20U2OS/XLEF-LOF%202020_06_23_sample%203%20U2OS.xlef	external-fixtures/data/leica-xlef/downloads.openmicroscopy.org/2020_06_23_sample%203%20U2OS/XLEF-LOF%202020_06_23_sample%203%20U2OS/XLEF-LOF%202020_06_23_sample%203%20U2OS.xlef	Smallest public files for fast external smoke coverage.
leica-xlef-smoke	leica-xlef	14621	https://downloads.openmicroscopy.org/images/Leica-XLEF/2020_06_23_sample%203%20U2OS/XLEF-LOF%202020_06_23_sample%203%20U2OS/Metadata/IOManagerConfiguation.xlif	external-fixtures/data/leica-xlef/downloads.openmicroscopy.org/2020_06_23_sample%203%20U2OS/XLEF-LOF%202020_06_23_sample%203%20U2OS/Metadata/IOManagerConfiguation.xlif	Smallest public files for fast external smoke coverage.
leica-xlef-smoke	leica-xlef	200601	https://downloads.openmicroscopy.org/images/Leica-XLEF/2020_06_23_sample%203%20U2OS/XLEF-LOF%202020_06_23_sample%203%20U2OS/Metadata/Series001.xlif	external-fixtures/data/leica-xlef/downloads.openmicroscopy.org/2020_06_23_sample%203%20U2OS/XLEF-LOF%202020_06_23_sample%203%20U2OS/Metadata/Series001.xlif	Smallest public files for fast external smoke coverage.
leica-xlef-smoke	leica-xlef	2554	https://downloads.openmicroscopy.org/images/Leica-XLEF/2020_06_23_sample%203%20U2OS/XLEF-LOF%202020_06_23_sample%203%20U2OS/Metadata/Series001_Lng_Processed001%20-%203D-Projection.xlif	external-fixtures/data/leica-xlef/downloads.openmicroscopy.org/2020_06_23_sample%203%20U2OS/XLEF-LOF%202020_06_23_sample%203%20U2OS/Metadata/Series001_Lng_Processed001%20-%203D-Projection.xlif	Smallest public files for fast external smoke coverage.
leica-xlef-smoke	leica-xlef	2668	https://downloads.openmicroscopy.org/images/Leica-XLEF/2020_06_23_sample%203%20U2OS/XLEF-LOF%202020_06_23_sample%203%20U2OS/Series001/Metadata/Series001_histo.xlif	external-fixtures/data/leica-xlef/downloads.openmicroscopy.org/2020_06_23_sample%203%20U2OS/XLEF-LOF%202020_06_23_sample%203%20U2OS/Series001/Metadata/Series001_histo.xlif	Smallest public files for fast external smoke coverage.
leica-xlef-smoke	leica-xlef	2702	https://downloads.openmicroscopy.org/images/Leica-XLEF/2020_06_23_sample%203%20U2OS/XLEF-LOF%202020_06_23_sample%203%20U2OS/Series001_Lng/Metadata/Series001_Lng_histo.xlif	external-fixtures/data/leica-xlef/downloads.openmicroscopy.org/2020_06_23_sample%203%20U2OS/XLEF-LOF%202020_06_23_sample%203%20U2OS/Series001_Lng/Metadata/Series001_Lng_histo.xlif	Smallest public files for fast external smoke coverage.
leica-xlef-feature	leica-xlef	50639053	https://downloads.openmicroscopy.org/images/Leica-XLEF/2020_06_23_sample%203%20U2OS/XLEF-LOF%202020_06_23_sample%203%20U2OS/Series001.lof	external-fixtures/data/leica-xlef/downloads.openmicroscopy.org/2020_06_23_sample%203%20U2OS/XLEF-LOF%202020_06_23_sample%203%20U2OS/Series001.lof	Moderate-size public files for broader format feature coverage.
leo-smoke	leo	298932	https://downloads.openmicroscopy.org/images/LEO/dmankus/2160grating%20512.tif	external-fixtures/data/leo/downloads.openmicroscopy.org/dmankus/2160grating%20512.tif	Smallest public files for fast external smoke coverage.
leo-smoke	leo	888791	https://downloads.openmicroscopy.org/images/LEO/dmankus/2160grating%201024.tif	external-fixtures/data/leo/downloads.openmicroscopy.org/dmankus/2160grating%201024.tif	Smallest public files for fast external smoke coverage.
leo-smoke	leo	3252534	https://downloads.openmicroscopy.org/images/LEO/zenodo-16760282/AWM2-HCF-7021-04_01%20-%20Wrong_Scale_Bar.tif	external-fixtures/data/leo/downloads.openmicroscopy.org/zenodo-16760282/AWM2-HCF-7021-04_01%20-%20Wrong_Scale_Bar.tif	Smallest public files for fast external smoke coverage.
metamorph-smoke	metamorph	6671	https://downloads.openmicroscopy.org/images/Metamorph/ssbd-repos-000232/FigureS2/CSV/DRD2_VE_211116_d7w3.csv	external-fixtures/data/metamorph/downloads.openmicroscopy.org/ssbd-repos-000232/FigureS2/CSV/DRD2_VE_211116_d7w3.csv	Smallest public files for fast external smoke coverage.
metamorph-smoke	metamorph	8794	https://downloads.openmicroscopy.org/images/Metamorph/ssbd-repos-000232/FigureS2/CSV/DRD2_VE_211116_d7w4.csv	external-fixtures/data/metamorph/downloads.openmicroscopy.org/ssbd-repos-000232/FigureS2/CSV/DRD2_VE_211116_d7w4.csv	Smallest public files for fast external smoke coverage.
metamorph-smoke	metamorph	11689	https://downloads.openmicroscopy.org/images/Metamorph/ssbd-repos-000232/FigureS2/CSV/DRD2_DA_211116_d7w1.csv	external-fixtures/data/metamorph/downloads.openmicroscopy.org/ssbd-repos-000232/FigureS2/CSV/DRD2_DA_211116_d7w1.csv	Smallest public files for fast external smoke coverage.
metaxpress-smoke	metaxpress	967	https://downloads.openmicroscopy.org/images/MetaXpress/idr0005/Primary_001/2011-04-19-plate-1.HTD	external-fixtures/data/metaxpress/downloads.openmicroscopy.org/idr0005/Primary_001/2011-04-19-plate-1.HTD	Smallest public files for fast external smoke coverage.
metaxpress-smoke	metaxpress	10987	https://downloads.openmicroscopy.org/images/MetaXpress/idr0005/Primary_001/2011-04-19-plate-1_A01_s1_thumb_%5BAEF33B1F-1D43-4BEA-B1A6-667C966E2729%5D.tif	external-fixtures/data/metaxpress/downloads.openmicroscopy.org/idr0005/Primary_001/2011-04-19-plate-1_A01_s1_thumb_%5BAEF33B1F-1D43-4BEA-B1A6-667C966E2729%5D.tif	Smallest public files for fast external smoke coverage.
metaxpress-smoke	metaxpress	10987	https://downloads.openmicroscopy.org/images/MetaXpress/idr0005/Primary_001/2011-04-19-plate-1_A01_s2_thumb_%5BCDBA09E1-EC1B-47D8-ADC0-B9E93AC0439D%5D.tif	external-fixtures/data/metaxpress/downloads.openmicroscopy.org/idr0005/Primary_001/2011-04-19-plate-1_A01_s2_thumb_%5BCDBA09E1-EC1B-47D8-ADC0-B9E93AC0439D%5D.tif	Smallest public files for fast external smoke coverage.
micro-manager-smoke	micro-manager	763	https://downloads.openmicroscopy.org/images/Micro-Manager/1.4.16/serge/display_and_comments.txt	external-fixtures/data/micro-manager/downloads.openmicroscopy.org/1.4.16/serge/display_and_comments.txt	Smallest public files for fast external smoke coverage.
micro-manager-smoke	micro-manager	8409863	https://downloads.openmicroscopy.org/images/Micro-Manager/1.4.16/serge/Pos0/img_000000000_00-BF0_000.tif	external-fixtures/data/micro-manager/downloads.openmicroscopy.org/1.4.16/serge/Pos0/img_000000000_00-BF0_000.tif	Smallest public files for fast external smoke coverage.
micro-manager-smoke	micro-manager	8409867	https://downloads.openmicroscopy.org/images/Micro-Manager/1.4.16/serge/Pos0/img_000000000_00-BF1_000.tif	external-fixtures/data/micro-manager/downloads.openmicroscopy.org/1.4.16/serge/Pos0/img_000000000_00-BF1_000.tif	Smallest public files for fast external smoke coverage.
mrc-smoke	mrc	8389632	https://downloads.openmicroscopy.org/images/MRC/EMDB/EMD-2225/EMD-2225.map	external-fixtures/data/mrc/downloads.openmicroscopy.org/EMDB/EMD-2225/EMD-2225.map	Smallest public files for fast external smoke coverage.
mrc-emdb-small	mrc	33024	https://raw.githubusercontent.com/ccpem/mrcfile/master/tests/test_data/EMD-3197.map	external-fixtures/data/mrc/raw.githubusercontent.com/ccpem/mrcfile/master/tests/test_data/EMD-3197.map	Targeted small EMDB map from mrcfile tests; bounded 20x20x20 float32 MRC candidate.
mrc-emdb-feature	mrc	315084	https://raw.githubusercontent.com/ccpem/mrcfile/master/tests/test_data/EMD-3001.map	external-fixtures/data/mrc/raw.githubusercontent.com/ccpem/mrcfile/master/tests/test_data/EMD-3001.map	Targeted EMDB MicroED map from mrcfile tests; larger bounded MRC feature candidate.
mrc-imod-signed-mode0	mrc	13952	http://bio3d.colorado.edu/imod/nightlyBuilds/ImodTests/fortIOtests/tst0.sbyte	external-fixtures/data/mrc/bio3d.colorado.edu/imod/nightlyBuilds/ImodTests/fortIOtests/tst0.sbyte	Tiny public IMOD fortIOtests signed mode-0 MRC; paired IMOD TIFF/MRC and signed-byte conversion tests provide known row-orientation evidence.
nd2-smoke	nd2	2569	https://downloads.openmicroscopy.org/images/ND2/jonas/512c/cag_p5_simgc_2511_70ms22s_crop_header.mat	external-fixtures/data/nd2/downloads.openmicroscopy.org/jonas/512c/cag_p5_simgc_2511_70ms22s_crop_header.mat	Smallest public files for fast external smoke coverage.
nd2-smoke	nd2	13131776	https://downloads.openmicroscopy.org/images/ND2/aryeh/MeOh_high_fluo_003.nd2	external-fixtures/data/nd2/downloads.openmicroscopy.org/aryeh/MeOh_high_fluo_003.nd2	Smallest public files for fast external smoke coverage.
nd2-smoke	nd2	13131776	https://downloads.openmicroscopy.org/images/ND2/aryeh/MeOh_high_fluo_007.nd2	external-fixtures/data/nd2/downloads.openmicroscopy.org/aryeh/MeOh_high_fluo_007.nd2	Smallest public files for fast external smoke coverage.
nd2-zenodo-vpa002-smoke	nd2	31506432	https://zenodo.org/records/8161776/files/2D%20500uM%20VPA002.nd2?download=1	external-fixtures/data/nd2/zenodo.org/records/8161776/files/2D%20500uM%20VPA002.nd2	Targeted public citable Zenodo candidate; direct per-file ND2 download from record 10.5281/zenodo.8161776.
nd2-modern-uicomp-feature	nd2	255537152	https://downloads.openmicroscopy.org/images/ND2/jonas/100217_OD122_001.nd2	external-fixtures/data/nd2/downloads.openmicroscopy.org/jonas/100217_OD122_001.nd2	Targeted modern chunked ImageDataSeq candidate with uiComp=2; closes the bounded multi-component ND2 audit gap.
nd2-feature	nd2	85662132	https://downloads.openmicroscopy.org/images/ND2/aryeh/Time%20sequence%2024.nd2	external-fixtures/data/nd2/downloads.openmicroscopy.org/aryeh/Time%20sequence%2024.nd2	Moderate-size public files for broader format feature coverage.
nd2-feature	nd2	89623417	https://downloads.openmicroscopy.org/images/ND2/aryeh/por003.nd2	external-fixtures/data/nd2/downloads.openmicroscopy.org/aryeh/por003.nd2	Moderate-size public files for broader format feature coverage.
nd2-feature	nd2	191952615	https://downloads.openmicroscopy.org/images/ND2/aryeh/weekend002.nd2	external-fixtures/data/nd2/downloads.openmicroscopy.org/aryeh/weekend002.nd2	Moderate-size public files for broader format feature coverage.
nd2-feature	nd2	255537152	https://downloads.openmicroscopy.org/images/ND2/jonas/100217_OD122_001.nd2	external-fixtures/data/nd2/downloads.openmicroscopy.org/jonas/100217_OD122_001.nd2	Moderate-size public files for broader format feature coverage.
nd2-feature	nd2	277604034	https://downloads.openmicroscopy.org/images/ND2/aryeh/multipoint.nd2	external-fixtures/data/nd2/downloads.openmicroscopy.org/aryeh/multipoint.nd2	Moderate-size public files for broader format feature coverage.
nd2-regression-large	nd2	788786722	https://downloads.openmicroscopy.org/images/ND2/aryeh/4_con_2_1_cot002.nd2	external-fixtures/data/nd2/downloads.openmicroscopy.org/aryeh/4_con_2_1_cot002.nd2	Large public regression/stress files; not for routine CI.
nd2-regression-large	nd2	1701302272	https://downloads.openmicroscopy.org/images/ND2/aryeh/rfp_h2a_cells_02.nd2	external-fixtures/data/nd2/downloads.openmicroscopy.org/aryeh/rfp_h2a_cells_02.nd2	Large public regression/stress files; not for routine CI.
nd2-regression-large	nd2	1962758144	https://downloads.openmicroscopy.org/images/ND2/aryeh/qa-9507/control003.nd2	external-fixtures/data/nd2/downloads.openmicroscopy.org/aryeh/qa-9507/control003.nd2	Large public regression/stress files; not for routine CI.
nikon-nef-d70-compression-34713-smoke	nikon-nef	5488179	https://raw.pixls.us/data/Nikon/D70/20170902_0047.NEF	external-fixtures/data/nikon-nef/raw.pixls.us/data/Nikon/D70/20170902_0047.NEF	Targeted raw.pixls Nikon D70 NEF candidate; primary coverage for TIFF Compression 34713.
nikon-nef-d40-d50-alternates-smoke	nikon-nef	5844273	https://raw.pixls.us/data/Nikon/D40/DSC_1842.NEF	external-fixtures/data/nikon-nef/raw.pixls.us/data/Nikon/D40/DSC_1842.NEF	Optional raw.pixls Nikon D40 NEF alternate for legacy Nikon compressed RAW coverage.
nikon-nef-d40-d50-alternates-smoke	nikon-nef	5970470	https://raw.pixls.us/data/Nikon/D50/DSC_5155.NEF	external-fixtures/data/nikon-nef/raw.pixls.us/data/Nikon/D50/DSC_5155.NEF	Optional raw.pixls Nikon D50 NEF alternate for legacy Nikon compressed RAW coverage.
nikon-nrw-p7000-smoke	nikon-nrw	16058749	https://raw.pixls.us/data/Nikon/Coolpix%20P7000/RAW_NIKON_P7000.NRW	external-fixtures/data/nikon-nrw/raw.pixls.us/data/Nikon/Coolpix%20P7000/RAW_NIKON_P7000.NRW	Optional raw.pixls Nikon Coolpix P7000 NRW candidate for compact Nikon RAW coverage.
nifti-smoke	nifti	348	https://downloads.openmicroscopy.org/images/NIfTI/NIH/avg152T1_LR_nifti.hdr	external-fixtures/data/nifti/downloads.openmicroscopy.org/NIH/avg152T1_LR_nifti.hdr	Smallest public files for fast external smoke coverage.
nifti-smoke	nifti	348	https://downloads.openmicroscopy.org/images/NIfTI/NIH/avg152T1_RL_nifti.hdr	external-fixtures/data/nifti/downloads.openmicroscopy.org/NIH/avg152T1_RL_nifti.hdr	Smallest public files for fast external smoke coverage.
nifti-smoke	nifti	348	https://downloads.openmicroscopy.org/images/NIfTI/NIH/minimal.hdr	external-fixtures/data/nifti/downloads.openmicroscopy.org/NIH/minimal.hdr	Smallest public files for fast external smoke coverage.
nrrd-smoke	nrrd	151	https://downloads.openmicroscopy.org/images/NRRD/gordon/dt-helix.nhdr	external-fixtures/data/nrrd/downloads.openmicroscopy.org/gordon/dt-helix.nhdr	Smallest public files for fast external smoke coverage.
nrrd-smoke	nrrd	1659840	https://downloads.openmicroscopy.org/images/NRRD/gordon/dt-helix.raw	external-fixtures/data/nrrd/downloads.openmicroscopy.org/gordon/dt-helix.raw	Detached raw sidecar required by the NRRD smoke header.
nrrd-smoke	nrrd	261	https://downloads.openmicroscopy.org/images/NRRD/glencoe/version4/dt-helix.nhdr	external-fixtures/data/nrrd/downloads.openmicroscopy.org/glencoe/version4/dt-helix.nhdr	Smallest public files for fast external smoke coverage.
nrrd-smoke	nrrd	1659840	https://downloads.openmicroscopy.org/images/NRRD/glencoe/version4/dt-helix.raw	external-fixtures/data/nrrd/downloads.openmicroscopy.org/glencoe/version4/dt-helix.raw	Detached raw sidecar required by the NRRD smoke header.
nrrd-smoke	nrrd	529	https://downloads.openmicroscopy.org/images/NRRD/gordon/gk2-rcc-mask.nhdr	external-fixtures/data/nrrd/downloads.openmicroscopy.org/gordon/gk2-rcc-mask.nhdr	Smallest public files for fast external smoke coverage.
nrrd-smoke	nrrd	125977600	https://downloads.openmicroscopy.org/images/NRRD/gordon/gk2-rcc-mask.raw	external-fixtures/data/nrrd/downloads.openmicroscopy.org/gordon/gk2-rcc-mask.raw	Detached raw sidecar required by the NRRD smoke header.
nrrd-feature	nrrd	106478222	https://downloads.openmicroscopy.org/images/NRRD/midas/01011-dwi.raw.gz	external-fixtures/data/nrrd/downloads.openmicroscopy.org/midas/01011-dwi.raw.gz	Moderate-size public files for broader format feature coverage.
nrrd-feature	nrrd	125977600	https://downloads.openmicroscopy.org/images/NRRD/gordon/gk2-rcc-mask.raw	external-fixtures/data/nrrd/downloads.openmicroscopy.org/gordon/gk2-rcc-mask.raw	Moderate-size public files for broader format feature coverage.
obf-smoke	obf	216699	https://downloads.openmicroscopy.org/images/OBF/ngladitz/v6/test-v6-short-write.obf	external-fixtures/data/obf/downloads.openmicroscopy.org/ngladitz/v6/test-v6-short-write.obf	Smallest public files for fast external smoke coverage.
obf-smoke	obf	9454451	https://downloads.openmicroscopy.org/images/OBF/ngladitz/v4/test-v4.obf	external-fixtures/data/obf/downloads.openmicroscopy.org/ngladitz/v4/test-v4.obf	Smallest public files for fast external smoke coverage.
obf-smoke	obf	9467120	https://downloads.openmicroscopy.org/images/OBF/ngladitz/v6/test-v6.obf	external-fixtures/data/obf/downloads.openmicroscopy.org/ngladitz/v6/test-v6.obf	Smallest public files for fast external smoke coverage.
olympus-fluoview-smoke	olympus-fluoview	26001408	https://downloads.openmicroscopy.org/images/Olympus-FluoView/imagesc-71616/20220824_4492_cord_dapi__iba568_60x.oib	external-fixtures/data/olympus-fluoview/downloads.openmicroscopy.org/imagesc-71616/20220824_4492_cord_dapi__iba568_60x.oib	Smallest public files for fast external smoke coverage.
olympus-oir-smoke	olympus-oir	10621	https://downloads.openmicroscopy.org/images/Olympus-OIR/gh-4205/zenodo-13680725/matl.omp2info	external-fixtures/data/olympus-oir/downloads.openmicroscopy.org/gh-4205/zenodo-13680725/matl.omp2info	Smallest public files for fast external smoke coverage.
olympus-oir-smoke	olympus-oir	10621	https://downloads.openmicroscopy.org/images/Olympus-OIR/gh-4205/zenodo-13680725/matl_forVSIimages.omp2info	external-fixtures/data/olympus-oir/downloads.openmicroscopy.org/gh-4205/zenodo-13680725/matl_forVSIimages.omp2info	Smallest public files for fast external smoke coverage.
olympus-oir-smoke	olympus-oir	35448	https://downloads.openmicroscopy.org/images/Olympus-OIR/gh-4205/zenodo-13680725/Map_A01.hdf5	external-fixtures/data/olympus-oir/downloads.openmicroscopy.org/gh-4205/zenodo-13680725/Map_A01.hdf5	Smallest public files for fast external smoke coverage.
olympus-oir-feature	olympus-oir	54928638	https://downloads.openmicroscopy.org/images/Olympus-OIR/etienne/venus%20stack.ome.tif	external-fixtures/data/olympus-oir/downloads.openmicroscopy.org/etienne/venus%20stack.ome.tif	Moderate-size public files for broader format feature coverage.
olympus-oir-feature	olympus-oir	62697450	https://downloads.openmicroscopy.org/images/Olympus-OIR/gh-4205/zenodo-13680725/tiling-sample-brain-section_A01_G001_0001.oir	external-fixtures/data/olympus-oir/downloads.openmicroscopy.org/gh-4205/zenodo-13680725/tiling-sample-brain-section_A01_G001_0001.oir	Moderate-size public files for broader format feature coverage.
olympus-oir-regression-large	olympus-oir	834068980	https://downloads.openmicroscopy.org/images/Olympus-OIR/gh-4205/zenodo-13680725/Stitch_A01_G001_00001	external-fixtures/data/olympus-oir/downloads.openmicroscopy.org/gh-4205/zenodo-13680725/Stitch_A01_G001_00001	Large public regression/stress files; not for routine CI.
olympus-oir-regression-large	olympus-oir	1086911830	https://downloads.openmicroscopy.org/images/Olympus-OIR/gh-4205/zenodo-13680725/Stitch_A01_G001.oir	external-fixtures/data/olympus-oir/downloads.openmicroscopy.org/gh-4205/zenodo-13680725/Stitch_A01_G001.oir	Large public regression/stress files; not for routine CI.
ome-tiff-smoke	ome-tiff	2446	https://downloads.openmicroscopy.org/images/OME-TIFF/2008-09/single-image.ome.tiff	external-fixtures/data/ome-tiff/downloads.openmicroscopy.org/2008-09/single-image.ome.tiff	Smallest public files for fast external smoke coverage.
ome-tiff-smoke	ome-tiff	2752	https://downloads.openmicroscopy.org/images/OME-TIFF/2008-09/multi-pixel-default.ome.tiff	external-fixtures/data/ome-tiff/downloads.openmicroscopy.org/2008-09/multi-pixel-default.ome.tiff	Smallest public files for fast external smoke coverage.
ome-tiff-smoke	ome-tiff	2782	https://downloads.openmicroscopy.org/images/OME-TIFF/2008-09/multi-pixel-aquired.ome.tiff	external-fixtures/data/ome-tiff/downloads.openmicroscopy.org/2008-09/multi-pixel-aquired.ome.tiff	Smallest public files for fast external smoke coverage.
ome-xml-smoke	ome-xml	1183	https://downloads.openmicroscopy.org/images/OME-XML/2009-09/metadata-only.ome.xml	external-fixtures/data/ome-xml/downloads.openmicroscopy.org/2009-09/metadata-only.ome.xml	Smallest public files for fast external smoke coverage.
ome-xml-smoke	ome-xml	1432	https://downloads.openmicroscopy.org/images/OME-XML/2008-09/single-image.ome.xml	external-fixtures/data/ome-xml/downloads.openmicroscopy.org/2008-09/single-image.ome.xml	Smallest public files for fast external smoke coverage.
ome-xml-smoke	ome-xml	1726	https://downloads.openmicroscopy.org/images/OME-XML/2008-09/multi-pixel-default.ome.xml	external-fixtures/data/ome-xml/downloads.openmicroscopy.org/2008-09/multi-pixel-default.ome.xml	Smallest public files for fast external smoke coverage.
perkinelmer-columbus-smoke	perkinelmer-columbus	1030884	https://downloads.openmicroscopy.org/images/PerkinElmer-Columbus/idr0019/22_lines_HC_EGF_200145913/002003-11.tif	external-fixtures/data/perkinelmer-columbus/downloads.openmicroscopy.org/idr0019/22_lines_HC_EGF_200145913/002003-11.tif	Smallest public files for fast external smoke coverage.
perkinelmer-columbus-smoke	perkinelmer-columbus	1186068	https://downloads.openmicroscopy.org/images/PerkinElmer-Columbus/idr0019/22_lines_HC_EGF_200145913/002003-10.tif	external-fixtures/data/perkinelmer-columbus/downloads.openmicroscopy.org/idr0019/22_lines_HC_EGF_200145913/002003-10.tif	Smallest public files for fast external smoke coverage.
perkinelmer-columbus-smoke	perkinelmer-columbus	1272520	https://downloads.openmicroscopy.org/images/PerkinElmer-Columbus/idr0019/22_lines_HC_EGF_200145913/002003-2.tif	external-fixtures/data/perkinelmer-columbus/downloads.openmicroscopy.org/idr0019/22_lines_HC_EGF_200145913/002003-2.tif	Smallest public files for fast external smoke coverage.
perkinelmer-operetta-smoke	perkinelmer-operetta	178904	https://downloads.openmicroscopy.org/images/PerkinElmer-Operetta/59548/59548__2013-04-03T09_16_35-Measurement1/Assaylayout/Unnamed.xml	external-fixtures/data/perkinelmer-operetta/downloads.openmicroscopy.org/59548/59548__2013-04-03T09_16_35-Measurement1/Assaylayout/Unnamed.xml	Smallest public files for fast external smoke coverage.
perkinelmer-operetta-smoke	perkinelmer-operetta	1732971	https://downloads.openmicroscopy.org/images/PerkinElmer-Operetta/59548/96015bda-454a-4a19-929b-2212ce6b3a6b/r01c01-0991679013.tiff.gz	external-fixtures/data/perkinelmer-operetta/downloads.openmicroscopy.org/59548/96015bda-454a-4a19-929b-2212ce6b3a6b/r01c01-0991679013.tiff.gz	Smallest public files for fast external smoke coverage.
perkinelmer-operetta-smoke	perkinelmer-operetta	1741401	https://downloads.openmicroscopy.org/images/PerkinElmer-Operetta/59548/96015bda-454a-4a19-929b-2212ce6b3a6b/r01c02-1749148666.tiff.gz	external-fixtures/data/perkinelmer-operetta/downloads.openmicroscopy.org/59548/96015bda-454a-4a19-929b-2212ce6b3a6b/r01c02-1749148666.tiff.gz	Smallest public files for fast external smoke coverage.
perkinelmer-operetta-index-smoke	perkinelmer-operetta	178904	https://downloads.openmicroscopy.org/images/PerkinElmer-Operetta/59548/59548__2013-04-03T09_16_35-Measurement1/Assaylayout/Unnamed.xml	external-fixtures/data/perkinelmer-operetta/downloads.openmicroscopy.org/59548/59548__2013-04-03T09_16_35-Measurement1/Assaylayout/Unnamed.xml	Targeted structured smoke set; includes both assay and image index XML.
perkinelmer-operetta-index-smoke	perkinelmer-operetta	1808132	https://downloads.openmicroscopy.org/images/PerkinElmer-Operetta/59548/59548__2013-04-03T09_16_35-Measurement1/Images/Index.ref.xml	external-fixtures/data/perkinelmer-operetta/downloads.openmicroscopy.org/59548/59548__2013-04-03T09_16_35-Measurement1/Images/Index.ref.xml	Targeted structured smoke set; image index XML omitted by mechanical smallest-file smoke selection.
perkinelmer-operetta-index-smoke	perkinelmer-operetta	1732971	https://downloads.openmicroscopy.org/images/PerkinElmer-Operetta/59548/96015bda-454a-4a19-929b-2212ce6b3a6b/r01c01-0991679013.tiff.gz	external-fixtures/data/perkinelmer-operetta/downloads.openmicroscopy.org/59548/96015bda-454a-4a19-929b-2212ce6b3a6b/r01c01-0991679013.tiff.gz	Targeted structured smoke set; small image payload candidate.
png-smoke	png	6316	https://downloads.openmicroscopy.org/images/PNG/user-1/dataset-user-1/user-1%2001%20TEST.png	external-fixtures/data/png/downloads.openmicroscopy.org/user-1/dataset-user-1/user-1%2001%20TEST.png	Smallest public files for fast external smoke coverage.
png-smoke	png	6316	https://downloads.openmicroscopy.org/images/PNG/user-10/dataset-user-10/user-10%2001%20TEST.png	external-fixtures/data/png/downloads.openmicroscopy.org/user-10/dataset-user-10/user-10%2001%20TEST.png	Smallest public files for fast external smoke coverage.
png-smoke	png	6361	https://downloads.openmicroscopy.org/images/PNG/user-1/Pdataset-user-1/user-1%2007%20TEST.png	external-fixtures/data/png/downloads.openmicroscopy.org/user-1/Pdataset-user-1/user-1%2007%20TEST.png	Smallest public files for fast external smoke coverage.
scanr-smoke	scanr	10658	https://downloads.openmicroscopy.org/images/ScanR/idr0009/0307-10--2007-05-30/AcquisitionLog.dat	external-fixtures/data/scanr/downloads.openmicroscopy.org/idr0009/0307-10--2007-05-30/AcquisitionLog.dat	Smallest public files for fast external smoke coverage.
scanr-smoke	scanr	2752872	https://downloads.openmicroscopy.org/images/ScanR/idr0009/0307-10--2007-05-30/data/--W00002--P00001--Z00000--T00000--pm-647.tif	external-fixtures/data/scanr/downloads.openmicroscopy.org/idr0009/0307-10--2007-05-30/data/--W00002--P00001--Z00000--T00000--pm-647.tif	Smallest public files for fast external smoke coverage.
scanr-smoke	scanr	2752872	https://downloads.openmicroscopy.org/images/ScanR/idr0009/0307-10--2007-05-30/data/--W00003--P00001--Z00000--T00000--pm-647.tif	external-fixtures/data/scanr/downloads.openmicroscopy.org/idr0009/0307-10--2007-05-30/data/--W00003--P00001--Z00000--T00000--pm-647.tif	Smallest public files for fast external smoke coverage.
scanr-image-smoke	scanr	2752878	https://downloads.openmicroscopy.org/images/ScanR/idr0009/0307-10--2007-05-30/data/--W00002--P00001--Z00000--T00000--nucleus-dapi.tif	external-fixtures/data/scanr/downloads.openmicroscopy.org/idr0009/0307-10--2007-05-30/data/--W00002--P00001--Z00000--T00000--nucleus-dapi.tif	Targeted readable image smoke set; one site with three channels.
scanr-image-smoke	scanr	2752872	https://downloads.openmicroscopy.org/images/ScanR/idr0009/0307-10--2007-05-30/data/--W00002--P00001--Z00000--T00000--pm-647.tif	external-fixtures/data/scanr/downloads.openmicroscopy.org/idr0009/0307-10--2007-05-30/data/--W00002--P00001--Z00000--T00000--pm-647.tif	Targeted readable image smoke set; one site with three channels.
scanr-image-smoke	scanr	2752874	https://downloads.openmicroscopy.org/images/ScanR/idr0009/0307-10--2007-05-30/data/--W00002--P00001--Z00000--T00000--vsvg-cfp.tif	external-fixtures/data/scanr/downloads.openmicroscopy.org/idr0009/0307-10--2007-05-30/data/--W00002--P00001--Z00000--T00000--vsvg-cfp.tif	Targeted readable image smoke set; one site with three channels.
scanr-benchmark-smoke	scanr	51477	https://downloads.openmicroscopy.org/images/ScanR/idr0009/0307-10--2007-05-30/experiment_descriptor.xml	external-fixtures/data/scanr/downloads.openmicroscopy.org/idr0009/0307-10--2007-05-30/experiment_descriptor.xml	Targeted Java-readable benchmark set; descriptor with one complete three-channel site.
scanr-benchmark-smoke	scanr	122576	https://downloads.openmicroscopy.org/images/ScanR/idr0009/0307-10--2007-05-30/experiment_descriptor.dat	external-fixtures/data/scanr/downloads.openmicroscopy.org/idr0009/0307-10--2007-05-30/experiment_descriptor.dat	Targeted Java-readable benchmark set; ScanR descriptor sidecar.
scanr-benchmark-smoke	scanr	10658	https://downloads.openmicroscopy.org/images/ScanR/idr0009/0307-10--2007-05-30/AcquisitionLog.dat	external-fixtures/data/scanr/downloads.openmicroscopy.org/idr0009/0307-10--2007-05-30/AcquisitionLog.dat	Targeted Java-readable benchmark set; acquisition log sidecar.
scanr-benchmark-smoke	scanr	2752878	https://downloads.openmicroscopy.org/images/ScanR/idr0009/0307-10--2007-05-30/data/--W00002--P00001--Z00000--T00000--nucleus-dapi.tif	external-fixtures/data/scanr/downloads.openmicroscopy.org/idr0009/0307-10--2007-05-30/data/--W00002--P00001--Z00000--T00000--nucleus-dapi.tif	Targeted Java-readable benchmark set; one site with three channels.
scanr-benchmark-smoke	scanr	2752872	https://downloads.openmicroscopy.org/images/ScanR/idr0009/0307-10--2007-05-30/data/--W00002--P00001--Z00000--T00000--pm-647.tif	external-fixtures/data/scanr/downloads.openmicroscopy.org/idr0009/0307-10--2007-05-30/data/--W00002--P00001--Z00000--T00000--pm-647.tif	Targeted Java-readable benchmark set; one site with three channels.
scanr-benchmark-smoke	scanr	2752874	https://downloads.openmicroscopy.org/images/ScanR/idr0009/0307-10--2007-05-30/data/--W00002--P00001--Z00000--T00000--vsvg-cfp.tif	external-fixtures/data/scanr/downloads.openmicroscopy.org/idr0009/0307-10--2007-05-30/data/--W00002--P00001--Z00000--T00000--vsvg-cfp.tif	Targeted Java-readable benchmark set; one site with three channels.
sdt-smoke	sdt	30039135	https://downloads.openmicroscopy.org/images/SDT/gh-4198/FocalCheck_A1_20x_8xzoom_800nm.sdt	external-fixtures/data/sdt/downloads.openmicroscopy.org/gh-4198/FocalCheck_A1_20x_8xzoom_800nm.sdt	Smallest public files for fast external smoke coverage.
spc-fifo-smoke	spc-fifo	13655	https://downloads.openmicroscopy.org/images/SPC-FIFO/biofisika/conv-256x256.set	external-fixtures/data/spc-fifo/downloads.openmicroscopy.org/biofisika/conv-256x256.set	Smallest public files for fast external smoke coverage.
spc-fifo-smoke	spc-fifo	32888548	https://downloads.openmicroscopy.org/images/SPC-FIFO/biofisika/conv-256x256.spc	external-fixtures/data/spc-fifo/downloads.openmicroscopy.org/biofisika/conv-256x256.spc	Smallest public files for fast external smoke coverage.
svs-feature	svs	609174117	https://downloads.openmicroscopy.org/images/SVS/77928.svs	external-fixtures/data/svs/downloads.openmicroscopy.org/77928.svs	Moderate-size public files for broader format feature coverage.
svs-feature	svs	704041277	https://downloads.openmicroscopy.org/images/SVS/77917.svs	external-fixtures/data/svs/downloads.openmicroscopy.org/77917.svs	Moderate-size public files for broader format feature coverage.
tiff-smoke	tiff	33	https://downloads.openmicroscopy.org/images/TIFF/cellprofiler/fruit-fly-cells/POS002.pattern/POS002.pattern	external-fixtures/data/tiff/downloads.openmicroscopy.org/cellprofiler/fruit-fly-cells/POS002.pattern/POS002.pattern	Smallest public files for fast external smoke coverage.
tiff-smoke	tiff	33	https://downloads.openmicroscopy.org/images/TIFF/cellprofiler/fruit-fly-cells/POS076.pattern/POS076.pattern	external-fixtures/data/tiff/downloads.openmicroscopy.org/cellprofiler/fruit-fly-cells/POS076.pattern/POS076.pattern	Smallest public files for fast external smoke coverage.
tiff-smoke	tiff	33	https://downloads.openmicroscopy.org/images/TIFF/cellprofiler/fruit-fly-cells/POS218.pattern/POS218.pattern	external-fixtures/data/tiff/downloads.openmicroscopy.org/cellprofiler/fruit-fly-cells/POS218.pattern/POS218.pattern	Smallest public files for fast external smoke coverage.
trestle-smoke	trestle	14	https://downloads.openmicroscopy.org/images/Trestle/openslide/CMU-1/CMU-1.sld	external-fixtures/data/trestle/downloads.openmicroscopy.org/openslide/CMU-1/CMU-1.sld	Smallest public files for fast external smoke coverage.
trestle-smoke	trestle	27	https://downloads.openmicroscopy.org/images/Trestle/openslide/CMU-1/CMU-1.ROI-draw	external-fixtures/data/trestle/downloads.openmicroscopy.org/openslide/CMU-1/CMU-1.ROI-draw	Smallest public files for fast external smoke coverage.
trestle-smoke	trestle	35	https://downloads.openmicroscopy.org/images/Trestle/openslide/CMU-1/CMU-1.slx	external-fixtures/data/trestle/downloads.openmicroscopy.org/openslide/CMU-1/CMU-1.slx	Smallest public files for fast external smoke coverage.
trestle-feature	trestle	163649046	https://downloads.openmicroscopy.org/images/Trestle/openslide/CMU-1/CMU-1.tif	external-fixtures/data/trestle/downloads.openmicroscopy.org/openslide/CMU-1/CMU-1.tif	Moderate-size public files for broader format feature coverage.
u-track-smoke	u-track	610248	https://downloads.openmicroscopy.org/images/u-track/integrins.zip	external-fixtures/data/u-track/downloads.openmicroscopy.org/integrins.zip	Smallest public files for fast external smoke coverage.
vectra-qptiff-smoke	vectra-qptiff	31020	https://downloads.openmicroscopy.org/images/Vectra-QPTIFF/perkinelmer/PKI_Image%20Format.docx	external-fixtures/data/vectra-qptiff/downloads.openmicroscopy.org/perkinelmer/PKI_Image%20Format.docx	Smallest public files for fast external smoke coverage.
vectra-qptiff-smoke	vectra-qptiff	24152250	https://downloads.openmicroscopy.org/images/Vectra-QPTIFF/perkinelmer/PKI_fields/HnE_3_1x1component_data.tif	external-fixtures/data/vectra-qptiff/downloads.openmicroscopy.org/perkinelmer/PKI_fields/HnE_3_1x1component_data.tif	Smallest public files for fast external smoke coverage.
vectra-qptiff-smoke	vectra-qptiff	85347446	https://downloads.openmicroscopy.org/images/Vectra-QPTIFF/perkinelmer/PKI_fields/LuCa-7color_%5B13860%2C52919%5D_1x1component_data.tif	external-fixtures/data/vectra-qptiff/downloads.openmicroscopy.org/perkinelmer/PKI_fields/LuCa-7color_%5B13860%2C52919%5D_1x1component_data.tif	Smallest public files for fast external smoke coverage.
vectra-qptiff-feature	vectra-qptiff	85347446	https://downloads.openmicroscopy.org/images/Vectra-QPTIFF/perkinelmer/PKI_fields/LuCa-7color_%5B13860%2C52919%5D_1x1component_data.tif	external-fixtures/data/vectra-qptiff/downloads.openmicroscopy.org/perkinelmer/PKI_fields/LuCa-7color_%5B13860%2C52919%5D_1x1component_data.tif	Moderate-size public files for broader format feature coverage.
vectra-qptiff-feature	vectra-qptiff	116848824	https://downloads.openmicroscopy.org/images/Vectra-QPTIFF/perkinelmer/PKI_fields/HandEcompressed_%5B11004%2C54205%5D_2x2component_data.tif	external-fixtures/data/vectra-qptiff/downloads.openmicroscopy.org/perkinelmer/PKI_fields/HandEcompressed_%5B11004%2C54205%5D_2x2component_data.tif	Moderate-size public files for broader format feature coverage.
vectra-qptiff-feature	vectra-qptiff	421825729	https://downloads.openmicroscopy.org/images/Vectra-QPTIFF/perkinelmer/PKI_scans/HandEcompressed_Scan1.qptiff	external-fixtures/data/vectra-qptiff/downloads.openmicroscopy.org/perkinelmer/PKI_scans/HandEcompressed_Scan1.qptiff	Moderate-size public files for broader format feature coverage.
vectra-qptiff-regression-large	vectra-qptiff	922766286	https://downloads.openmicroscopy.org/images/Vectra-QPTIFF/perkinelmer/PKI_fields/LuCa-7color_%5B17572%2C60173%5D_3x3component_data.tif	external-fixtures/data/vectra-qptiff/downloads.openmicroscopy.org/perkinelmer/PKI_fields/LuCa-7color_%5B17572%2C60173%5D_3x3component_data.tif	Large public regression/stress files; not for routine CI.
vectra-qptiff-regression-large	vectra-qptiff	2090277544	https://downloads.openmicroscopy.org/images/Vectra-QPTIFF/perkinelmer/PKI_scans/LuCa-7color_Scan1.qptiff	external-fixtures/data/vectra-qptiff/downloads.openmicroscopy.org/perkinelmer/PKI_scans/LuCa-7color_Scan1.qptiff	Large public regression/stress files; not for routine CI.
vectra-qptiff-regression-large	vectra-qptiff	2758054412	https://downloads.openmicroscopy.org/images/Vectra-QPTIFF/perkinelmer/PKI_scans/HandEuncompressed_Scan1.qptiff	external-fixtures/data/vectra-qptiff/downloads.openmicroscopy.org/perkinelmer/PKI_scans/HandEuncompressed_Scan1.qptiff	Large public regression/stress files; not for routine CI.
ventana-smoke	ventana	227377284	https://downloads.openmicroscopy.org/images/Ventana/openslide/Ventana-1.bif	external-fixtures/data/ventana/downloads.openmicroscopy.org/openslide/Ventana-1.bif	Smallest public files for fast external smoke coverage.
ventana-feature	ventana	227377284	https://downloads.openmicroscopy.org/images/Ventana/openslide/Ventana-1.bif	external-fixtures/data/ventana/downloads.openmicroscopy.org/openslide/Ventana-1.bif	Moderate-size public files for broader format feature coverage.
ventana-regression-large	ventana	2717833684	https://downloads.openmicroscopy.org/images/Ventana/openslide/OS-2.bif	external-fixtures/data/ventana/downloads.openmicroscopy.org/openslide/OS-2.bif	Large public regression/stress files; not for routine CI.
ventana-regression-large	ventana	3871468922	https://downloads.openmicroscopy.org/images/Ventana/openslide/OS-1.bif	external-fixtures/data/ventana/downloads.openmicroscopy.org/openslide/OS-1.bif	Large public regression/stress files; not for routine CI.
